,File,Aleph system no.,Country code,Language code (008),Language code (041),DDC,Personal-author_ORIGINAL,Personal-author_clean,Personal_author_title,Personal_author_years,Personal_author_pseudonym,Corporate author,Title_ORIGINAL,Title_clean,Title_clean_after_By,Title_clean_language_detected,Edition,Imprint_ORIGINAL,Location_clean,Date,Location_intermediate,Series,Subjects,Other personal authors,Other corporate authors,DOM ID,Type,Genre,Column
4036,nogenre.xlsx,14767707,|||,eng,,,"GEORGE, William, of Bristol.","George, William, Of Bristol",,,,,"Lytes Cary Manor House, Somerset, and its literary associations; with notices of authors of the Lyte family, from Queen Elizabeth to the present time. [electronic resource]","Lytes Cary Manor House, Somerset, and its literary associations; with notices of authors of the Lyte family, from Queen Elizabeth to the present time.",,eng,,"Bristol : W. George, [1879]",Bristol,1879.0,Bristol George,,,,,lsidyv3c14f6ec -- lsidyv35f350ca,,,
10690,nogenre.xlsx,14814414,|||,eng,,,"JAMES, Hugo, of the Bengal Army.","James, Hugo, Of The Bengal Army",,,,,"A Volunteer's Scramble through Scinde, the Punjab, Hindostan, and the Himalaya Mountains. [electronic resource]","A Volunteer's Scramble through Scinde, the Punjab, Hindostan, and the Himalaya Mountains.",,eng,,"London, 1854.",London,1854.0,London,,"Sikh War, 1848-1849 Personal narratives, British. -- India Description and travel. -- Pakistan Description and travel.",,,lsidyv38fe1fc6 -- lsidyv38fe2845,,,
48333,poetry.xls,14939450,|||,und,,,"DIDIER, Antoine.","Didier, Antoine",,,,,Poems of a Roamer. [electronic resource],Poems of a Roamer.,,eng,,"pp. 16. Arthur H. Stockwell: London, [1920.]",Arthur,1920.0,Arthur Stockwell London,,,,,lsidyv386533b7,poet,Poetry,
15855,nogenre.xlsx,14830331,|||,eng,,,"STRETCH, Richard H.","Stretch, Richard H",,,,,"Prospecting, locating and valuing Mines ... With ... plates. [electronic resource]","Prospecting, locating and valuing Mines... With... plates.",,eng,,"New York : Scientific Publishing Co., 1899.",New-York,1899.0,New-York Scientific Publishing,,,,,lsidyv3034e2bc,,,
13040,nogenre.xlsx,14823406,|||,eng,,,"Pausanias, fl. ca. 150-175.",Pausanias,,fl. ca. 150-175,,,Pausanias's Description of Greece. Translated with a commentary by J. G.Frazer. [electronic resource],Pausanias's Description of Greece. Translated with a commentary by J. G.Frazer.,,eng,,"London : Macmillan & Co., 1898.",London,1898.0,London Macmillan,,,"Frazer, James George, 1854-1941.",,lsidyv3b9c95b6 -- lsidyv3c0b3d6f -- lsidyv3c0b2256 -- lsidyv3c0b4dbc -- lsidyv3be26121 -- lsidyv3c0b5dd0,,,
30378,nogenre.xlsx,14939695,|||,ger,,,,,,,,Livonia. Landtag.,"Die Recesse der livländischen Landtage aus den Jahren 1681 bis 1711. Theils im Worlaute, theils im Auszuge. Herausgegeben von C. Schirren. [electronic resource]","Die Recesse der livländischen Landtage aus den Jahren 1681 bis 1711. Theils im Worlaute, theils im Auszuge. Herausgegeben von C. Schirren.",,ger,,"Dorpal, 1865.",Dorpal,1865.0,Dorpal,,,"SCHIRREN, Carl, Professor of History at the University of Kiel.",,lsidyv385ad6f3,,,
34071,poetry.xls,14628770,|||,und,,,"BROWN, Frederick Rivers.","Brown, Frederick Rivers",,,,,"Ave, Victoria! [A poem.] Eng. [electronic resource]","Ave, Victoria! Eng.",,eng,,"pp. 36. Wright & Sons: Colchester, 1897.",Wright,1897.0,Wright Sons Colchester,,,,,lsidyv30862cdc,poet,Poetry,
48015,poetry.xls,14905129,|||,eng,,,"Alberg, Albert.","Alberg, Albert",,,,,Gustavus Vasa and his stirring times. Scenes from history told for youthful readers. [electronic resource],Gustavus Vasa and his stirring times. Scenes from history told for youthful readers.,,eng,,"London : W. S. Sonnenschein & Co., [1882]",London,1882.0,London Sonnenschein,,,,,lsidyv3817ed91,story,Prose,
22940,nogenre.xlsx,14866670,|||,eng,,,,,,,,Great Britain. Hydrographic Dept.,"Supplement. Corrected to December, 1884. [electronic resource]","Supplement. Corrected to December, 1884.",,eng,,"London, 1884, [1885].",London,1884.0,London,,,"HITCHFIELD, John James Pearce. -- RICHARDS, John Cumins.",,lsidyv36b2b483,,,
36833,poetry.xls,14808441,|||,eng,,,"CUMMING, Joseph George.","Cumming, Joseph George",,,,,"The Isle of Man; its history, physical, ecclesiastical, civil and legendary. [With plates, and maps.] [electronic resource]","The Isle of Man; its history, physical, ecclesiastical, civil and legendary.",,eng,,"London : John Van Voorst, 1848.",London,1848.0,London John Van Voorst,,,,,lsidyv3ba23d8e,story,Prose,
38254,poetry.xls,14811970,|||,und,,,"GRAHAM, George, Novelist.","Graham, George",Novelist,,,,Carstone Rectory. A story. [electronic resource],Carstone Rectory. A story.,,eng,,"London, 1860.",London,1860.0,London,,,,,lsidyv3acd802a -- lsidyv3acd8c08 -- lsidyv3b1e673e,story,Prose,
25092,nogenre.xlsx,14872348,|||,ger,,,"MENZEL, Gottfried.","Menzel, Gottfried",,,,,"Die Vereinigten Staaten von Nordamerika, mit besonderer Rücksicht auf deutsche Auswanderung dahin nach eigener Anschauung beschrieben. [electronic resource]","Die Vereinigten Staaten von Nordamerika, mit besonderer Rücksicht auf deutsche Auswanderung dahin nach eigener Anschauung beschrieben.",,ger,,"Berlin, 1853.",Berlin,1853.0,Berlin,,,,,lsidyv36cf690f,,,
44504,poetry.xls,14829846,|||,und,,,"SOLDENE, Emily.","Soldene, Emily",,,,,Young Mrs. Staples. [A novel.] [electronic resource],Young Mrs. Staples.,,eng,,"London : Downey & Co., 1896.",London,1896.0,London Downey,,,,,lsidyv3a432c4d,novel,Prose,
38214,poetry.xls,14811871,|||,und,,,"GORDON, Julien, pseud. [i.e. Julie Grinnell Cruger.]","Gordon, Julien",,,Julie Grinnell Cruger,,A Diplomat's Diary. [A novel.] [electronic resource],A Diplomat's Diary.,,eng,,"Philadelphia : J. B. Lippincott Co., 1890.",Philadelphia,1890.0,Philadelphia Lippincott,,,,,lsidyv39a13b96,novel,Prose,
29748,nogenre.xlsx,14912577,|||,fre,,,"PICTET DE SERGY, A. P. J.","Pictet De Sergy, A. P. J",,,,,"Genève, origine et développement de cette république, de ses lois, de ses mœurs et de son industrie. [electronic resource]","Genève, origine et développement de cette république, de ses lois, de ses mœurs et de son industrie.",,fre,,"Genève, 1845-47.",Genève,1845.0,Genève,,,,,lsidyv3e30f1a9,,,
43100,poetry.xls,14826644,|||,und,,,"Oliphant, Mrs. (Margaret), 1828-1897.","Oliphant, Mrs., Margaret",,1828-1897,,,[He that will not when He may. [A novel.]] [electronic resource],He that will not when He may.,,eng,New edition.,"London : Macmillan & Co., 1881.",London,1881.0,London Macmillan,,,,,lsidyv30ac4f74,novel,Prose,
45333,poetry.xls,14831900,|||,und,,,"WENTWORTH, Bernard.","Wentworth, Bernard",,,,,The Master of Hullingham Manor: a novel. [electronic resource],The Master of Hullingham Manor: a novel.,,eng,,"London : Digby and Long, [1897.].",London,1897.0,London Digby Long,,,,,lsidyv3a443f29,novel,Prose,
28922,nogenre.xlsx,14897053,|||,ger,,,,,,,,Historischer Verein von Nidwalden (STANS),"Nidwalden vor hundert Jahren. Eine Erinnerungschrift an den 9. September 1798. Herausgegeben vom historischen Verein von Nidwalden. (Redaktions Commission: Dr. R. Durrer, K. Engelberger, H. von Matt.). [electronic resource]",Nidwalden vor hundert Jahren. Eine Erinnerungschrift an den 9. September 1798. Herausgegeben vom historischen Verein von Nidwalden.,,ger,,"Stans, 1898.",Stans,1898.0,Stans,,,"DURRER, Robert. -- ENGELBERGER, Carl. -- MATT, Hans von, the Younger.",,lsidyv37ce9aba,,,
39119,poetry.xls,14813778,|||,und,,,,,,,,,The Hôtel du Petit St. Jean. A Gascon story ... [By C. L. H. Dempster.] Second edition. [electronic resource],The Hôtel du Petit St. Jean. A Gascon story... Second edition.,,fre,,"London : Smith, Elder & Co., 1870.",London,1870.0,London Smith Elder,,,"DEMPSTER, Charlotte Louisa Hawkins.",,lsidyv39607177,story,Prose,
22830,nogenre.xlsx,14866538,|||,fre,,,"Comettant, Oscar, 1819-1898.","Comettant, Oscar",,1819-1898,,,[L'Amérique telle qu'elle est. Voyage anecdotique de Marcel Bonneau dans le Nord et le Sud des États-Unis Excursion au Canada.] [electronic resource],L'Amérique telle qu'elle est. Voyage anecdotique de Marcel Bonneau dans le Nord et le Sud des États-Unis Excursion au Canada.,,fre,"[Another edition.] Voyage pittoresque et anecdotique dans le Nord et le Sud des États-Unis d'Amérique ... Dessins par MM. Saintin, Jules Noël [and others] ... Gravures par MM. Willmann, Outhwaite, etc.","Paris, 1866.",Paris,1866.0,Paris,,,"NOËL, Jules. -- OUTHWAITE, Artist. -- SAINTIN, E. -- WILLMANN, Ed., Engraver.",,lsidyv36c915f8,,,
41699,poetry.xls,14823230,|||,und,,,"NOTLEY, Frances Eliza Millett.","Notley, Frances Eliza Millett",,,,,Cordelia. A novel. [electronic resource],Cordelia. A novel.,,eng,,"London, 1879.",London,1879.0,London,,,,,lsidyv3b5f3e4c -- lsidyv3b5f2c26 -- lsidyv3b5f4b3a,novel,Prose,
40530,poetry.xls,14817108,|||,eng,,,"LIBBY, John.","Libby, John",,,,,"Twenty Years' History of Stroud, 1870 to 1890. (Subscribers' edition.) [With plates.] [electronic resource]","Twenty Years' History of Stroud, 1870 to 1890.",,eng,,"Stroud : Edward Hulbert, [1890]",Stroud,1890.0,Stroud Edward Hulbert,,,,,lsidyv3063049b,story,Prose,
47098,poetry.xls,14871874,|||,eng,,,,,,,,,The Story of Hackney Marsh. Reprinted from the “North London Guardian.”. [electronic resource],The Story of Hackney Marsh. Reprinted from the “North London Guardian.”.,,eng,,"Stoke Newington : Thompson, 1894.",Stoke,1894.0,Stoke Newington Thompson,,,,,lsidyv3706cb68,story,Prose,
30693,nogenre.xlsx,15105991,|||,fre,,,"GLOBENSKY, C. A. Maximilien.","Globensky, C. A. Maximilien",,,,,La Rébellion de 1837 à Saint-Eustache. Précéde d'un exposé de la situation politique du Bas-Canada depuis la cession. [electronic resource],La Rébellion de 1837 à Saint-Eustache. Précéde d'un exposé de la situation politique du Bas-Canada depuis la cession.,,fre,,"Québec, 1883.",Québec,1883.0,Québec,,,,,lsidyv389386c5,,,
36497,poetry.xls,14807538,|||,und,,,"COCHRANE, Alexander Dundas Ross, afterwards COCHRANE-WISHART-BAILLIE (Alexander Dundas Ross) Baron Lamington.","Cochrane, Alexander Dundas Ross, Afterwards Cochrane-wishart-baillie, Alexander Dundas Ross Baron Lamington",,,,,Florence the Beautiful. [A novel.] [electronic resource],Florence the Beautiful.,,eng,,"London : Hurst & Blackett, 1854.",London,1854.0,London Hurst Blackett,,,,,lsidyv3a4d050d,novel,Prose,
30927,nogenre.xlsx,15111145,|||,eng,,,"DOHENY, Michael.","Doheny, Michael",,,,,The Felon's Track: a narrative of '48. Embracing the leading events in the Irish struggle from the year 1843 to the close of 1848 ... Second edition. [Edited by M. J. Doheny.] [electronic resource],The Felon's Track: a narrative of '48. Embracing the leading events in the Irish struggle from the year 1843 to the close of 1848... Second edition.,,eng,,"New York, 1867.",New-York,1867.0,New-York,,,"DOHENY, Mary Jane.",,lsidyv38b3ef40,,,
48798,poetry.xls,15106290,|||,eng,,,,,,,,,"Thomas and Sally; or, the Sailor's Return. A musical entertainment [in two acts and in verse]. A new edition. [By Isaac Bickerstaffe.] [electronic resource]","Thomas and Sally; or, the Sailor's Return. A musical entertainment A new edition.",,eng,,"London : W. Griffin, etc., [1770?].",London,1770.0,London Griffin,,,"BICKERSTAFFE, Isaac. -- Thomas, à Becket, Saint, 1118?-1170.",,lsidyv38823dab,verse,Poetry,
20642,nogenre.xlsx,14860318,|||,mul,$ager$aeng$afre,,"DE PEYSTER, John Watts, Major-General.","De Peyster, John Watts",Major-General,,,,"Waterloo. (Reprinted from the College Student, Lancaster, Pa.). [electronic resource]",Waterloo.,,eng,,[1894],,1894.0,,,,,,lsidyv3630bef5,,,
20144,nogenre.xlsx,14848018,|||,eng,,,"SCOTT, Leader, pseud. [i.e. Lucy Emily Baxter.]","Scott, Leader",,,Lucy Emily Baxter,,"Vincigliata and Maiano. (Appendix. Vincigliata Castle, a quattro-cento legend from the Italian of Cav. G. Carocci, etc.) L.P. [electronic resource]",Vincigliata and Maiano. L.P.,,ita,,"London : T. Fisher Unwin, 1891.",London,1891.0,London Fisher Unwin,,,,,lsidyv35c23655,,,
32232,nogenre.xlsx,15211116,|||,spa,,,"SOLÍS Y RIBADENEYRA, Antonio de.","Solís Y Ribadeneyra, Antonio De",,,,,"[Historia de la conquista de México, etc. [With plates, including portraits.]] [electronic resource]","Historia de la conquista de México, etc.",,spa,"Nueva edicion, corregida por Don A. L. Josse, etc.","Londres, 1809.",London,1809.0,Londres,,,"JOSSE, Augustin Louis.",,lsidyv2c9cb309 -- lsidyv2c9d205b -- lsidyv2c9cf177,,,
40399,poetry.xls,14816851,|||,und,,,,,,,,,"The Heliotrope: or, Pilgrim in pursuit of health. Cantos first and Second. (Hymn to the Virgin. Lines to a Sicilian air. Charybdis.) [By William Beattie.] [electronic resource]","The Heliotrope: or, Pilgrim in pursuit of health. Cantos first and Second.",,eng,,"London : 96. Longman, Rees & Co., 1833.",London,1833.0,London Longman Rees,,,"BEATTIE, William, M.D.",,lsidyv32c53d4b,hymn,Music,
4384,nogenre.xlsx,14768125,|||,eng,,,"ROGER, James Cruikshank.","Roger, James Cruikshank",,,,,"Notes of Ancient Monuments in the ruined Church of St. Mary, Rothesay. Being the substance of a paper read at a meeting of the Society of Antiquaries of Scotland, etc. [With plates.] [electronic resource]","Notes of Ancient Monuments in the ruined Church of St. Mary, Rothesay. Being the substance of a paper read at a meeting of the Society of Antiquaries of Scotland, etc.",,eng,,"Glasgow : James Macnab, 1857.",Glasgow,1857.0,Glasgow James Macnab,,,,,lsidyv3c38448f,,,
7738,nogenre.xlsx,14808508,|||,eng,,,"CUSTINE, Astolphe Louis Léonor de, Marquis.","Custine, Astolphe Louis Léonor De",Marquis,,,,"[[La Russie en 1839.] The Empire of the Czar; or, Observations on the social, political, and religious state and prospects of Russia, made during a journey through that Empire, translated from the French.] [electronic resource]","The Empire of the Czar; or, Observations on the social, political, and religious state and prospects of Russia, made during a journey through that Empire, translated from the French.",,eng,[Another edition.] Russia ... Second edition.,"London : Longman, Brown, Green, & Longmans, 1844.",London,1844.0,London Longman Brown Green Longmans,,,,,lsidyv3e641a1d,,,
9291,nogenre.xlsx,14811568,|||,eng,,,"GESSI, Romolo.","Gessi, Romolo",,,,,Seven years in the Soudan ... Edited by ... F. Gessi. [Translated by L. Wolffsohn and B. Woodward.] Illustrated. [electronic resource],Seven years in the Soudan... Edited by... F. Gessi. Illustrated.,,eng,,"London : Sampson Low & Co., 1892, [1891].",London,1892.0,London Sampson Low,,,"GESSI, Felice. -- WOLFFSOHN, Lily. -- WOODWARD, Bettina.",,lsidyv3cbafd95,,,
20860,nogenre.xlsx,14860562,|||,fre,,,"JACQUART, Ed.","Jacquart, Ed",,,,,Un Coin du Dauphine ... Notes et observations. [With illustrations.] [electronic resource],Un Coin du Dauphine... Notes et observations.,,fre,,"Voiron, 1892.",Voiron,1892.0,Voiron,,,,,lsidyv361aa90b,,,
35814,poetry.xls,14805712,|||,eng,,,"BOURGOING, Jean François de, Baron.","Bourgoing, Jean François De",Baron,,,,"Modern State of Spain ... Translated from the last Paris edition of 1807 ... To which are added, Essays on Spain by M. Peyron, and the book of Post Roads. With ... atlas of plates. [electronic resource]","Modern State of Spain... Translated from the last Paris edition of 1807... To which are added, Essays on Spain by M. Peyron, and the book of Post Roads. With... atlas of plates.",,eng,,"London : John Stockdale, 1808.",London,1808.0,London John Stockdale,,,,,lsidyv3bf90e4d -- lsidyv3bf91fad -- lsidyv3beafcd7 -- lsidyv3bf9406b,ode,Poetry,
24168,nogenre.xlsx,14871190,|||,eng,,,"BATCHELER, Horace Pettus.","Batcheler, Horace Pettus",,,,,"Jonathan at Home: or, a Stray Shot at the Yankees. [electronic resource]","Jonathan at Home: or, a Stray Shot at the Yankees.",,eng,,"London : W. H. Collingridge, 1864.",London,1864.0,London Collingridge,,,,,lsidyv3740b773,,,
36416,poetry.xls,14807316,|||,und,,,"Churchill, Henry George.","Churchill, Henry George",,,,,"Puttyput's Protégée: a story, in three books ... With illustrations by Wallis Mackay. [electronic resource]","Puttyput's Protégée: a story, in three books... With illustrations by Wallis Mackay.",,eng,,"London : Samuel Tinsley, 1872.",London,1872.0,London Samuel Tinsley,,,"MACKAY, Wallis.",,lsidyv3b5f1d7d,story,Prose,
10271,nogenre.xlsx,14813646,|||,eng,,,"Hooker, William Jackson, Sir, 1785-1865.","Hooker, William Jackson",Sir,1785-1865,,,Journal of a tour in Iceland in the summer of 1809. [electronic resource],Journal of a tour in Iceland in the summer of 1809.,,eng,,"Yarmouth, 1811.",Yarmouth,1811.0,Yarmouth,,,,,lsidyv3c8a9b89 -- lsidyv390f9389,,,
46450,poetry.xls,14848073,|||,ita,,,,,,,,,Indice alfabetico di tutti i luoghi dello Stato Pontificio colla indicazione della respettiva Legazione o Delegazione ... Seconda edizione. [electronic resource],Indice alfabetico di tutti i luoghi dello Stato Pontificio colla indicazione della respettiva Legazione o Delegazione... Seconda edizione.,,ita,,"Roma, 1829.",Roma,1829.0,Roma,,,,,lsidyv35cb2775,elegy,Poetry,
27853,nogenre.xlsx,14891753,|||,eng,,,"THOMAS, André Antoine.","Thomas, André Antoine",,,,,Les États provinciaux de la France centrale sous Charles VII. [electronic resource],Les États provinciaux de la France centrale sous Charles VII.,,fre,,"Paris, 1879 (Le Puy [printed])",Paris,1879.0,Paris,,,,,lsidyv37c20671,,,
22701,nogenre.xlsx,14866394,|||,ger,,,,,,,,,Das vornehme Berlin. Bilder aus dem High-life der Reichshauptstadt. [electronic resource],Das vornehme Berlin. Bilder aus dem High-life der Reichshauptstadt.,,ger,,"Berlin, [1889]",Berlin,1889.0,Berlin,,Berlin (Germany),,,lsidyv3687f6ec,,,
32063,nogenre.xlsx,15210914,|||,spa,,,"FALCONNET, Francisco de P.","Falconnet, Francisco De P",,,,,Manifestacion dirigida á la Honorable Cámara de Diputados por el agente de los tenedores de Bonos Mexicanos (F. de P. F.). [electronic resource],Manifestacion dirigida á la Honorable Cámara de Diputados por el agente de los tenedores de Bonos Mexicanos,,spa,,"Mexico, 1852.",México,1852.0,Mexico,,,,,lsidyv2ca89bfb,,,
20181,nogenre.xlsx,14848070,|||,gre,,,"Stamatiadēs, Epameinōndas I.","Stamatiadēs, Epameinōndas I",,,,,"Σαμιακα ἠτοι ἱστορια της νησου Σαμου ἀπο των παναρχαιων χρονων μεχρι των καθ' ἡμας, etc. [electronic resource]","Σαμιακα ἠτοι ἱστορια της νησου Σαμου ἀπο των παναρχαιων χρονων μεχρι των καθ' ἡμας, etc.",,gre,,"ἐν Σαμῳ, 1881-91.",ἐν,1881.0,ἐν Σαμῳ,,,,,lsidyv35ce8bb5 -- lsidyv35e009a9 -- lsidyv35e02e7f -- lsidyv35e06097 -- lsidyv35f4c712,,,
38404,poetry.xls,14812248,|||,und,,,"GREY, Rowland, pseud. [i.e. Lilian Kate Rowland Brown.]","Grey, Rowland",,,Lilian Kate Rowland Brown,,In Sunny Switzerland. A story of six weeks. [electronic resource],In Sunny Switzerland. A story of six weeks.,,eng,,"London : Kegan Paul & Co., 1884.",London,1884.0,London Kegan Paul,,,,,lsidyv39aa9d37,story,Prose,
44783,poetry.xls,14830579,|||,und,,,"TATAM, William Kellock.","Tatam, William Kellock",,,,,"The Ionian Isles, a Dublin University Prize-Poem. [electronic resource]","The Ionian Isles, a Dublin University Prize-Poem.",,eng,,"Dublin : A. Thom, 1824.",Dublin,1824.0,Dublin Thom,,,,,lsidyv32b79fd4,poet,Poetry,
30025,nogenre.xlsx,14919308,|||,rus,,,"MAKUSHEV, Vinkenty.","Makushev, Vinkenty",,,,,Историческія разысканія о Славянахъ въ Албаніи въ средніе вѣка.. [electronic resource],Историческія разысканія о Славянахъ въ Албаніи въ средніе вѣка..,,av,,"Варшава, 1871.",Варшава,1871.0,Варшава,,,,,lsidyv3854c5ec,,,
36409,poetry.xls,14807305,|||,und,,,"CHURCH, Alfred John.","Church, Alfred John",,,,,A Young Macedonian in the Army of Alexander the Great ... [A tale.] With sixteen illustrations. [electronic resource],A Young Macedonian in the Army of Alexander the Great... With sixteen illustrations.,,eng,,"London : Seeley & Co., 1890.",London,1890.0,London Seeley,,,,,lsidyv3abdc3ff,tale,Prose,
37783,poetry.xls,14810926,|||,und,,,"FOLI, R., Madame.","Foli, R., Madame",,,,,The Last Stake: a tale of Monte Carlo. [electronic resource],The Last Stake: a tale of Monte Carlo.,,eng,,"London : T. Fisher Unwin, 1886.",London,1886.0,London Fisher Unwin,,,,,lsidyv39f647a1,tale,Prose,
37238,poetry.xls,14809407,|||,und,,,"Doyle, Arthur Conan, Sir, 1859-1930","Doyle, Arthur Conan",Sir,1859-1930,,,"Micah Clarke, his statement as made to his three grandchildren, etc. [A novel.] [electronic resource]","Micah Clarke, his statement as made to his three grandchildren, etc.",,eng,,"pp. vi. 421. Longmans & Co.: London, 1889.",London,1889.0,Longmans London,,,,,lsidyv3ad49f54,novel,Prose,
15461,nogenre.xlsx,14829603,|||,eng,,,"SIMSON, James, F.S.S.A.","Simson, James, F.S.S.A",,,,,Royal Ramsgate. Second edition. [electronic resource],Royal Ramsgate. Second edition.,,eng,,"Ramsgate : Victoria Publishing Association, [1897]",Ramsgate,1897.0,Ramsgate Victoria Publishing Association,,,,,lsidyv2b597000,,,
39814,poetry.xls,14815448,|||,und,,,"LAMSON, J. W.","Lamson, J. W",,,,,Rook's Dene. [A novel.] [electronic resource],Rook's Dene.,,eng,,"London, 1876.",London,1876.0,London,,,,,lsidyv3b0fc579 -- lsidyv3b0fbd7c -- lsidyv3b0fd03f,novel,Prose,
44232,poetry.xls,14829165,|||,und,,,"Scott, Walter, Sir, 1771-1832","Scott, Walter",Sir,1771-1832,,,"Historical, legendary, and romantic Tales from the works of Sir Walter Scott. Selected ... by W. T. Dobson. With ... illustrations, etc. [electronic resource]","Historical, legendary, and romantic Tales from the works of Sir Walter Scott. Selected... by W. T. Dobson. With... illustrations, etc.",,eng,,"London : Bickers & Son, 1886 [1885].",London,1886.0,London Bickers Son,,,"DOBSON, William T.",,lsidyv34ed99be,tale,Prose,
18598,nogenre.xlsx,14840965,|||,eng,,,"PERKINS, George William.","Perkins, George William",,,,,Historical Sketches of Meriden. [electronic resource],Historical Sketches of Meriden.,,eng,,"West Meriden, U.S., 1849.",West,1849.0,West Meriden,,,,,lsidyv34f6c3f4,,,
935,drama.xlsx,14824040,|||,und,,,"Shakespeare, William, 1564-1616","Shakespeare, William",,1564-1616,,,The Plays of William Shakespeare. In ten volumes. With the corrections and illustrations of various commentators; to which are added notes by S. Johnson and G. Steevens. With an Appendix. [electronic resource],The Plays of William Shakespeare. In ten volumes. With the corrections and illustrations of various commentators; to which are added notes by S. Johnson and G. Steevens. With an Appendix.,,eng,,"London : C. Bathurst, etc., 1773.",London,1773.0,London Bathurst,,,"HANMER, Thomas, Sir, Bart., Speaker of the House of Commons. -- Warburton, William, 1698-1779.",,lsidyv345bbd15 -- lsidyv345bb10c -- lsidyv345bc93b -- lsidyv345b8ecf -- lsidyv345b83aa -- lsidyv33906e8f -- lsidyv342613d5 -- lsidyv31a40709 -- lsidyv345b9ded,play,Drama,
35529,poetry.xls,14805023,|||,und,,,"BELL, Robert, Author of “The Life of Canning.”.","Bell, Robert",Author of “The Life of Canning.”,,,,[Golden Leaves from the Works of the Poets and Painters. Edited by R. Bell.] [electronic resource],Golden Leaves from the Works of the Poets and Painters. Edited by R. Bell.,,eng,[Another edition.],"London : C. Griffin & Co., [1872.].",London,1872.0,London Griffin,,,,,lsidyv3474f365,poet,Poetry,
1524,drama.xlsx,14829209,|||,und,,,"SEDLEY, Charles, Sir, Bart.","Sedley, Charles","Sir, Bart",,,,"Antony and Cleopatra; a tragedy [in five acts and in verse], etc. [electronic resource]","Antony and Cleopatra; a tragedy, etc.",,eng,,"London, 1677.",London,1677.0,London,,,,,lsidyv338f79b2,tragedy,Drama,
42319,poetry.xls,14824299,|||,und,,,"Swift, Jonathan, 1667-1745","Swift, Jonathan",,1667-1745,,,"The Works of Jonathan Swift, D.D., D.S.P.D., in eight volumes. Containing I. His Miscellanies in Prose. II. His Poetical Writings. III. The Travels of Capt. Lemuel Gulliver. IV. Papers relating to Ireland, and the Drapier's Letters. V. The Conduct of the Allies, and the Examiner. VI. The Publick Spirit of the Whiggs, &c., with Polite Conversation. VII. Letters to and from Dr. Swift. VIII. Directions to Servants, Sermons, Poems, &c. [electronic resource]","The Works of Jonathan Swift, D.D., D.S.P.D., in eight volumes. Containing I. His Miscellanies in Prose. II. His Poetical Writings. III. The Travels of Capt. Lemuel Gulliver. IV. Papers relating to Ireland, and the Drapier's Letters. V. The Conduct of the Allies, and the Examiner. VI. The Publick Spirit of the Whiggs, &c., with Polite Conversation. VII. Letters to and from Dr. Swift. VIII. Directions to Servants, Sermons, Poems, &c.",,eng,,"Dublin : G. Faulkner, 1746.",Dublin,1746.0,Dublin Faulkner,,,,,lsidyv34f347c6 -- lsidyv34f3583f -- lsidyv34f31c76 -- lsidyv34f30e60 -- lsidyv34f30497 -- lsidyv34f325df -- lsidyv34f2fc72 -- lsidyv34f33a4c,poet,Poetry,
46934,poetry.xls,14867942,|||,eng,,,"WOOD, Thomas, M.D.","Wood, Thomas",M.D,,,,"An Inquiry concerning the primitive inhabitants of Ireland. Illustrated by Ptolemy's map of Erin, corrected by the aid of bardic history. [electronic resource]","An Inquiry concerning the primitive inhabitants of Ireland. Illustrated by Ptolemy's map of Erin, corrected by the aid of bardic history.",,eng,,"London : G. and W. B. Whittaker, 1821.",London,1821.0,London Whittaker,,,,,lsidyv36be4356,story,Prose,
32252,nogenre.xlsx,15211140,|||,spa,,,"VALDÉS DOMINGUEZ, Eusebio.","Valdés Dominguez, Eusebio",,,,,Los Antiguos Diputados de Cuba y apuntes para la historia constitucional de esta isla ... Precedida de un prólogo de D. R. Montoro. [electronic resource],Los Antiguos Diputados de Cuba y apuntes para la historia constitucional de esta isla... Precedida de un prólogo de D. R. Montoro.,,spa,,"Habana, 1879.",Habana,1879.0,Habana,,,"MONTORO, Rafael.",,lsidyv2ccce904,,,
31907,nogenre.xlsx,15178502,|||,spa,,,"URDANETA, Amenodoro.","Urdaneta, Amenodoro",,,,,Para la epopeya de la Federacion. La Batalla de Santa Ines. Canto á Zamora. [electronic resource],Para la epopeya de la Federacion. La Batalla de Santa Ines. Canto á Zamora.,,spa,,"Carácas, 1864.",Carácas,1864.0,Carácas,,,,,lsidyv2b0d0f66,,,
32525,nogenre.xlsx,15742659,|||,ger,,,"BOETTCHER, Ernst.","Boettcher, Ernst",,,,,Orographie und Hydrographie des Kongobeckens. [electronic resource],Orographie und Hydrographie des Kongobeckens.,,ger,,"Berlin, 1887.",Berlin,1887.0,Berlin,,,,,lsidyv355cdc07,,,
8933,nogenre.xlsx,14810834,|||,und,,,"FITZGERALD, Sarah Jane.","Fitzgerald, Sarah Jane",,,,,"Wilfred Hedley: or, How teetotalism came to Ellensmere. [electronic resource]","Wilfred Hedley: or, How teetotalism came to Ellensmere.",,eng,,"London : T. Woolmer, 1884.",London,1884.0,London Woolmer,,,,,lsidyv39aa942a,,,
43262,poetry.xls,14827030,|||,eng,,,"PATCH, Olive, pseud. [i.e. Sarah Sharp Hamer]","Patch, Olive",,,Sarah Sharp Hamer,,"Sunny Spain: its people and places, with glimpses of its history. [With illustrations.] [electronic resource]","Sunny Spain: its people and places, with glimpses of its history.",,eng,,"London : Cassell & Co., 1884.",London,1884.0,London Cassell,,,,,lsidyv3bf66662,story,Prose,
46070,poetry.xls,14840989,|||,eng,,,,,,,,,"Phoebiad, a poem. Addressed to the Editor of the Oracle. [electronic resource]","Phoebiad, a poem. Addressed to the Editor of the Oracle.",,eng,,"[London], 1790.",,1790.0,,,,,,lsidyv3198712b,poet,Poetry,
16778,nogenre.xlsx,14832122,|||,und,,,"WILDES, A.","Wildes, A",,,,,The Round of Life. [electronic resource],The Round of Life.,,eng,,"Folkestone, 1871.",Folkestone,1871.0,Folkestone,,,,,lsidyv3b2f51d5,,,
12394,nogenre.xlsx,14818616,|||,eng,,,"MARSTON, Annie Wright.","Marston, Annie Wright",,,,,"The Children of India. Written for the Children of England, by one of their friends. [electronic resource]","The Children of India. Written for the Children of England, by one of their friends.",,eng,,"London : Religious Tract Society, [1883].",London,1883.0,London Religious Tract Society,,,,,lsidyv3c51f3c8,,,
37411,poetry.xls,14809865,|||,und,,,"EILOART, Elizabeth, Mrs.","Eiloart, Elizabeth, Mrs",,,,,"Jabez Ebsleigh, M.P. A novel. [electronic resource]","Jabez Ebsleigh, M.P. A novel.",,eng,,"London, Guildford [printed], 1876.",London,1876.0,London Guildford,,,,,lsidyv3af181f8 -- lsidyv3af1913f -- lsidyv3af19754,novel,Prose,
3133,nogenre.xlsx,14622976,|||,eng,,,,,,,,,"Sailing Directions for the S.C. and its entrances at Port Saïd and Suez, with short notes on the Gulf of Suez, Jubal Strait, etc. [electronic resource]","Sailing Directions for the S.C. and its entrances at Port Saïd and Suez, with short notes on the Gulf of Suez, Jubal Strait, etc.",,eng,,"London, 1870.",London,1870.0,London,,,,,lsidyv38ed6d55,,,
6925,nogenre.xlsx,14807054,|||,und,,,"CHALCRAFT, Harriette Amiel.","Chalcraft, Harriette Amiel",,,,,The curate of Overton. [By H. A. Chalcraft.] [electronic resource],The curate of Overton.,,eng,,"Hurst & Blackett : London, 1854.",Hurst,1854.0,Hurst Blackett London,,,,,lsidyv30a5e4d5,,,
2132,music.xlsx,14827439,|||,und,,,"PINDER, Thomas.","Pinder, Thomas",,,,,Pinder's Pantomime Song Book. [electronic resource],Pinder's Pantomime Song Book.,,eng,,"Leeds : T. Pinder, [1884.].",Leeds,1884.0,Leeds Pinder,,,,,lsidyv3459bc91,pantomime,Music,
16339,nogenre.xlsx,14831265,|||,eng,,,,,,,,,"Barra Head: a sketch. Addressed to E. E. [Subscribed, Unda, i.e. T. S. Muir.] [electronic resource]",Barra Head: a sketch. Addressed to E. E.,,eng,,"[Edinburgh, 1866]",,1866.0,,,,,,lsidyv2b5b5d43,,,
37835,poetry.xls,14811036,|||,und,,,"FORSTER, Jonathan Langstaff.","Forster, Jonathan Langstaff",,,,,Episodes of Life. In poetry and prose ... Edited by ... H. L. Forster. [With portrait.] [electronic resource],Episodes of Life. In poetry and prose... Edited by... H. L. Forster.,,eng,,"London, 1872.",London,1872.0,London,,,"FORSTER, Henry Langstaff.",,lsidyv306ba49e,poet,Poetry,
31886,nogenre.xlsx,15178473,|||,eng,,,"STYLES, John, D.D.","Styles, John",D.D,,,,The Animal Creation; its claims on our Humanity stated and enforced. [electronic resource],The Animal Creation; its claims on our Humanity stated and enforced.,,eng,,"London, [1839]",London,1839.0,London,,,,,lsidyv2c49b3a5,,,
20999,nogenre.xlsx,14860723,|||,ita,,,"MACCHIAROLI, Stefano.","Macchiaroli, Stefano",,,,,Diano e l'omonima sua valle. Ricerche storico-archeologiche. [electronic resource],Diano e l'omonima sua valle. Ricerche storico-archeologiche.,,ita,,"Napoli, 1868.",Napoli,1868.0,Napoli,,,,,lsidyv3638d377,,,
2143,music.xlsx,14602922,|||,und,,,"ROSS, John Wilson.","Ross, John Wilson",,,,,"Fact and Fancy. An ode for the jubilee of the Queen's reign. Also The University Boat Race, a song. [electronic resource]","Fact and Fancy. An ode for the jubilee of the Queen's reign. Also The University Boat Race, a song.",,eng,,"London : Diprose & Bateman, 1886.",London,1886.0,London Diprose Bateman,,,,,lsidyv2eb1e424,song,Music,
43379,poetry.xls,14827296,|||,und,,,"PETRIE, John, Writer of Verse.","Petrie, John",Writer of Verse,,,,"The Last Hope, and other poems. [electronic resource]","The Last Hope, and other poems.",,eng,,"Edinburgh, Aberdeen [printed], 1853.",Edinburgh,1853.0,Edinburgh Aberdeen,,,,,lsidyv3a981852,poet,Poetry,
4843,nogenre.xlsx,14796292,|||,eng,,,"LATROBE, Christian Ignatius.","Latrobe, Christian Ignatius",,,,,"A concise account of the present state of the Missions ... of the ... United Brethren, among the Heathen. [electronic resource]","A concise account of the present state of the Missions... of the... United Brethren, among the Heathen.",,eng,,"London, 1811.",London,1811.0,London,,,,,lsidyv3c87113d,,,
41454,poetry.xls,14819177,|||,und,,,"MILLER, Hugh, the Younger.","Miller, Hugh, The Younger",,,,,The Dream of Mr. H- the Herbalist. [A scientific romance.] [electronic resource],The Dream of Mr. H- the Herbalist.,,eng,,"Edinburgh & London : Blackwood & Sons, 1896.",Edinburgh,1896.0,Edinburgh London Blackwood Sons,,,,,lsidyv3a1a317a,romance,Prose,
29830,nogenre.xlsx,14912724,|||,ger,,,"WASSALI, Friedrich.","Wassali, Friedrich",,,,,Der Bund zu Vazerol. Ein Beitrag zur Geschichte der drei Rhätischen Bünde. [electronic resource],Der Bund zu Vazerol. Ein Beitrag zur Geschichte der drei Rhätischen Bünde.,,ger,,"Chur, 1882.",Chur,1882.0,Chur,,,,,lsidyv3837869c,,,
45689,poetry.xls,14832681,|||,und,,,"YOLLAND, E.","Yolland, E",,,,,"In Days of Strife. Fragments of fact and fiction from a Refugee's history in France, 1666 to 1685. [electronic resource]","In Days of Strife. Fragments of fact and fiction from a Refugee's history in France, 1666 to 1685.",,eng,,"London : F. V. White & Co., 1896.",London,1896.0,London White,,,,,lsidyv3a1c23b6,ballad,Poetry,
16566,nogenre.xlsx,14831700,|||,eng,,,"WARE, William, Unitarian Minister.","Ware, William, Unitarian Minister",,,,,Julian: or Scenes in Judea. By the Author of Letters from Palmyra and Rome [i.e. W. Ware]. [electronic resource],Julian: or Scenes in Judea.,By the Author of Letters from Palmyra and Rome,eng,,"Edinburgh : William & Robert Chambers, 1843.",Edinburgh,1843.0,Edinburgh William Robert Chambers,,,,,lsidyv3b995089,,,
13747,nogenre.xlsx,14825978,|||,eng,,,"MORRIS, Peter, pseud.","Morris, Peter",,,pseud,,"Peter's Letters to his kinsfolk. [By J. G. Lockhart, assisted by Christopher North.] The second edition. (Postscript to the third edition of Peter's Letters.). [electronic resource]",Peter's Letters to his kinsfolk. The second edition.,,eng,,"Edinburgh : William Blackwood, 1819.",Edinburgh,1819.0,Edinburgh William Blackwood,,,"Lockhart, J. G. (John Gibson), 1794-1854.",,lsidyv3e69db33,,,
38085,poetry.xls,14811582,|||,und,,,"Gibbon, Charles, 1843-1890.","Gibbon, Charles",,1843-1890,,,In Love and War. A romance. [electronic resource],In Love and War. A romance.,,eng,,"London, Beccles [printed], 1877.",London,1877.0,London Beccles,,,,,lsidyv3b5744cc -- lsidyv3b574c73 -- lsidyv392ddfba,romance,Prose,
44254,poetry.xls,14829197,|||,und,,,"SEARLE, Edis.","Searle, Edis",,,,,Easydale. A story. [electronic resource],Easydale. A story.,,eng,,"London, 1874.",London,1874.0,London,,,,,lsidyv3b3912db,story,Prose,
16823,nogenre.xlsx,14832208,|||,eng,,,"WILLIAMS, Thomas, of Llandudno.","Williams, Thomas, Of Llandudno",,,,,Williams's Complete Guide to Llandudno. The tenth thousand ... Illustrated. [electronic resource],Williams's Complete Guide to Llandudno. The tenth thousand... Illustrated.,,eng,,"Llandudno : Thomas Williams, [1864]",Llandudno,1864.0,Llandudno Thomas Williams,,,,,lsidyv2b329b6b,,,
14183,nogenre.xlsx,14826838,|||,und,,,,,,,,University of Oxford.,Oxford Commemoration. By a Fellow of Experientia. [electronic resource],Oxford Commemoration.,By a Fellow of Experientia.,eng,,"pp. 128. Simpkin, Marshall & Co.: London, 1888.",London,1888.0,Simpkin Marshall London,,,,,lsidyv3add21da,,,
35041,poetry.xls,14803724,|||,und,,,"AKERMAN, Portland Board, and HURST (Norman)","Akerman, Portland Board; Hurst, Norman",,,,,"Triscombe Stone: a romance of the Quantock Hills, etc. [electronic resource]","Triscombe Stone: a romance of the Quantock Hills, etc.",,eng,,"London : Bliss & Sands, 1897.",London,1897.0,London Bliss Sands,,,"HURST, Norman.",,lsidyv39e05c30,romance,Prose,
31203,nogenre.xlsx,15115826,|||,spa,,,"SILVA COSTA, José da.","Silva Costa, José Da",,,,,A Phase adventicia no Brazil. Estudo de sociologia. [electronic resource],A Phase adventicia no Brazil. Estudo de sociologia.,,spa,,"Rio de Janeiro, 1891.",Rio,1891.0,Rio Janeiro,,,,,lsidyv38bd6d94,,,
48246,poetry.xls,14919229,|||,mul,$afre$adut,,"HANGEST, D. M. M. d', Baron d'Yvoy van Mijdrecht.","Hangest, D. M. M. D'",Baron d'Yvoy van Mijdrecht,,,,"Frankrijks invloed op de buitenlandsche aangelegenheden der voormalige Nederlandsche Republiek, gestaafd door oorspronkelijke stukken uit de Archieven te Parijs. [electronic resource]","Frankrijks invloed op de buitenlandsche aangelegenheden der voormalige Nederlandsche Republiek, gestaafd door oorspronkelijke stukken uit de Archieven te Parijs.",,dut,,"Arnhem, 1858.",Arnhem,1858.0,Arnhem,,,,,lsidyv3847e165,elegy,Poetry,
17859,nogenre.xlsx,14840061,|||,fre,,,"G., Alexis M.","G., Alexis M",,,,,"Le Congo Belge illustré ... Par Alexis-M. G. [i.e. Jean Baptiste Gochet] ... Deuxième édition, augmentée, etc. [electronic resource]","Le Congo Belge illustré... Par Alexis-M. G.... Deuxième édition, augmentée, etc.",,fre,,"Liège, 1888.",Liége,1888.0,Liège,,,"GOCHET, Jean Baptiste.",,lsidyv35b95446,,,
26691,nogenre.xlsx,14885200,|||,eng,,,"CORNWALLIS, Fiennes.","Cornwallis, Fiennes",,,,,"Letters written from the Crimea to several members of his family, by the late Major Fiennes Cornwallis. Collected and edited by Mrs. Wykeham Martin. [electronic resource]","Letters written from the Crimea to several members of his family, by the late Major Fiennes Cornwallis. Collected and edited by Mrs. Wykeham Martin.",,eng,,"Privately printed, 1868.",Privately,1868.0,Privately,,,"MARTIN, Matilda Wykeham.",,lsidyv2b1c9289,,,
12113,nogenre.xlsx,14818042,|||,und,,,"MACKINNON, James.","Mackinnon, James",,,,,Braefoot Sketches. [electronic resource],Braefoot Sketches.,,eng,,"Paisley : A. Gardner, 1897.",,1897.0,Paisley Gardner,,,,,lsidyv39ffb179,,,
43940,poetry.xls,14828532,|||,und,,,"ROOFER, Roof, pseud. [i.e. Rufus Randell.]","Roofer, Roof",,,Rufus Randell,,Two Mothers of One. [A tale.] [electronic resource],Two Mothers of One.,,eng,,"London : Digby and Long, [1896.].",London,1896.0,London Digby Long,,,,,lsidyv309dedea,tale,Prose,
34921,poetry.xls,14784790,|||,eng,,,"PORTER, Josias Leslie.","Porter, Josias Leslie",,,,,Illustrations of Bible prophecy and history from personal travels in Palestine. [electronic resource],Illustrations of Bible prophecy and history from personal travels in Palestine.,,eng,,"Dublin : Hodges, Figgis & Co., 1883.",Dublin,1883.0,Dublin Hodges Figgis,,,,,lsidyv3c548685,story,Prose,
8778,nogenre.xlsx,14810380,|||,und,,,"FARJEON, Benjamin Leopold.","Farjeon, Benjamin Leopold",,,,,Toilers of Babylon. [electronic resource],Toilers of Babylon.,,eng,,"London : Ward & Downey, 1888.",London,1888.0,London Ward Downey,,,,,lsidyv3b3f07f3 -- lsidyv3b3f1547 -- lsidyv3b3f0ec6,,,
9153,nogenre.xlsx,14811324,|||,eng,,,"FURNISS, William, of New York.","Furniss, William, Of New York",,,,,"The land of the Cæsar and the Doge. Historical and artistic: incidental, personal, and literary. [electronic resource]","The land of the Cæsar and the Doge. Historical and artistic: incidental, personal, and literary.",,eng,,"New York, 1853.",New-York,1853.0,New-York,,,,,lsidyv3098afa3,,,
21133,nogenre.xlsx,14860869,|||,eng,,,"PATON, William Agnew.","Paton, William Agnew",,,,,Picturesque Sicily ... Illustrated. [electronic resource],Picturesque Sicily... Illustrated.,,eng,,"London & New York [printed] : Harper & Bros., 1898.",London,1898.0,London New-York Harper Bros,,,,,lsidyv3627e8b9,,,
24855,nogenre.xlsx,14872056,|||,ger,,,"JENSEN, Wilhelm Hermann.","Jensen, Wilhelm Hermann",,,,,"Der Schwarzwald ... Mit Illustrationen von W. Hasemann, etc. [electronic resource]","Der Schwarzwald... Mit Illustrationen von W. Hasemann, etc.",,ger,,"Berlin, 1890.",Berlin,1890.0,Berlin,,,"HASEMANN, W.",,lsidyv36d5bb5d,,,
45693,poetry.xls,14832687,|||,und,,,"Yonge, Charlotte Mary, 1823-1901","Yonge, Charlotte Mary",,1823-1901,,,More Bywords. [Tales and poems.] [electronic resource],More Bywords.,,eng,,"London : Macmillan & Co., 1890.",London,1890.0,London Macmillan,,,,,lsidyv3a94f65e,poet,Poetry,
